KÓD OBCE,NÁZOV OBCE,VOLIÈI V ZOZNAME,VYDANÉ OBÁLKY,PLATNÉ HLASY,KANDIDUJÚCE STRANY
534714,Bıkev,341,212,210,"['Obèanská demokratická strana', 'Øád národa - Vlastenecká unie', 'CESTA ODPOVÌDNÉ SPOLEÈNOSTI', 'Èeská str.sociálnì demokrat.', 'Radostné Èesko', 'STAROSTOVÉ A NEZÁVISLÍ', 'Komunistická str.Èech a Moravy', 'Strana zelenıch', 'ROZUMNÍ-stop migraci,diktát.EU', 'Strana svobodnıch obèanù', 'Blok proti islam.-Obran.domova', 'Obèanská demokratická aliance', 'Èeská pirátská strana', 'Unie H.A.V.E.L.', 'Referendum o Evropské unii', 'TOP 09', 'ANO 2011', 'Dobrá volba 2016', 'SPR-Republ.str.Èsl. M.Sládka', 'Køes.demokr.unie-Ès.str.lid.', 'Èeská strana národnì sociální', 'REALISTÉ', 'SPORTOVCI', 'Dìlnic.str.sociální spravedl.', 'Svob.a pø.dem.-T.Okamura (SPD)', 'Strana Práv Obèanù']"
534722,Byšice,1 061,630,626,"['Obèanská demokratická strana', 'Øád národa - Vlastenecká unie', 'CESTA ODPOVÌDNÉ SPOLEÈNOSTI', 'Èeská str.sociálnì demokrat.', 'Radostné Èesko', 'STAROSTOVÉ A NEZÁVISLÍ', 'Komunistická str.Èech a Moravy', 'Strana zelenıch', 'ROZUMNÍ-stop migraci,diktát.EU', 'Strana svobodnıch obèanù', 'Blok proti islam.-Obran.domova', 'Obèanská demokratická aliance', 'Èeská pirátská strana', 'Unie H.A.V.E.L.', 'Referendum o Evropské unii', 'TOP 09', 'ANO 2011', 'Dobrá volba 2016', 'SPR-Republ.str.Èsl. M.Sládka', 'Køes.demokr.unie-Ès.str.lid.', 'Èeská strana národnì sociální', 'REALISTÉ', 'SPORTOVCI', 'Dìlnic.str.sociální spravedl.', 'Svob.a pø.dem.-T.Okamura (SPD)', 'Strana Práv Obèanù']"
534731,Cítov,923,575,569,"['Obèanská demokratická strana', 'Øád národa - Vlastenecká unie', 'CESTA ODPOVÌDNÉ SPOLEÈNOSTI', 'Èeská str.sociálnì demokrat.', 'Radostné Èesko', 'STAROSTOVÉ A NEZÁVISLÍ', 'Komunistická str.Èech a Moravy', 'Strana zelenıch', 'ROZUMNÍ-stop migraci,diktát.EU', 'Strana svobodnıch obèanù', 'Blok proti islam.-Obran.domova', 'Obèanská demokratická aliance', 'Èeská pirátská strana', 'Unie H.A.V.E.L.', 'Referendum o Evropské unii', 'TOP 09', 'ANO 2011', 'Dobrá volba 2016', 'SPR-Republ.str.Èsl. M.Sládka', 'Køes.demokr.unie-Ès.str.lid.', 'Èeská strana národnì sociální', 'REALISTÉ', 'SPORTOVCI', 'Dìlnic.str.sociální spravedl.', 'Svob.a pø.dem.-T.Okamura (SPD)', 'Strana Práv Obèanù']"
598291,Èakovièky,461,321,320,"['Obèanská demokratická strana', 'Øád národa - Vlastenecká unie', 'CESTA ODPOVÌDNÉ SPOLEÈNOSTI', 'Èeská str.sociálnì demokrat.', 'Radostné Èesko', 'STAROSTOVÉ A NEZÁVISLÍ', 'Komunistická str.Èech a Moravy', 'Strana zelenıch', 'ROZUMNÍ-stop migraci,diktát.EU', 'Strana svobodnıch obèanù', 'Blok proti islam.-Obran.domova', 'Obèanská demokratická aliance', 'Èeská pirátská strana', 'Unie H.A.V.E.L.', 'Referendum o Evropské unii', 'TOP 09', 'ANO 2011', 'Dobrá volba 2016', 'SPR-Republ.str.Èsl. M.Sládka', 'Køes.demokr.unie-Ès.str.lid.', 'Èeská strana národnì sociální', 'REALISTÉ', 'SPORTOVCI', 'Dìlnic.str.sociální spravedl.', 'Svob.a pø.dem.-T.Okamura (SPD)', 'Strana Práv Obèanù']"
534749,Èeèelice,513,296,295,"['Obèanská demokratická strana', 'Øád národa - Vlastenecká unie', 'CESTA ODPOVÌDNÉ SPOLEÈNOSTI', 'Èeská str.sociálnì demokrat.', 'Radostné Èesko', 'STAROSTOVÉ A NEZÁVISLÍ', 'Komunistická str.Èech a Moravy', 'Strana zelenıch', 'ROZUMNÍ-stop migraci,diktát.EU', 'Strana svobodnıch obèanù', 'Blok proti islam.-Obran.domova', 'Obèanská demokratická aliance', 'Èeská pirátská strana', 'Unie H.A.V.E.L.', 'Referendum o Evropské unii', 'TOP 09', 'ANO 2011', 'Dobrá volba 2016', 'SPR-Republ.str.Èsl. M.Sládka', 'Køes.demokr.unie-Ès.str.lid.', 'Èeská strana národnì sociální', 'REALISTÉ', 'SPORTOVCI', 'Dìlnic.str.sociální spravedl.', 'Svob.a pø.dem.-T.Okamura (SPD)', 'Strana Práv Obèanù']"
531570,Dobøeò,149,98,98,"['Obèanská demokratická strana', 'Øád národa - Vlastenecká unie', 'CESTA ODPOVÌDNÉ SPOLEÈNOSTI', 'Èeská str.sociálnì demokrat.', 'Radostné Èesko', 'STAROSTOVÉ A NEZÁVISLÍ', 'Komunistická str.Èech a Moravy', 'Strana zelenıch', 'ROZUMNÍ-stop migraci,diktát.EU', 'Strana svobodnıch obèanù', 'Blok proti islam.-Obran.domova', 'Obèanská demokratická aliance', 'Èeská pirátská strana', 'Unie H.A.V.E.L.', 'Referendum o Evropské unii', 'TOP 09', 'ANO 2011', 'Dobrá volba 2016', 'SPR-Republ.str.Èsl. M.Sládka', 'Køes.demokr.unie-Ès.str.lid.', 'Èeská strana národnì sociální', 'REALISTÉ', 'SPORTOVCI', 'Dìlnic.str.sociální spravedl.', 'Svob.a pø.dem.-T.Okamura (SPD)', 'Strana Práv Obèanù']"
539201,Dolany nad Vltavou,683,479,475,"['Obèanská demokratická strana', 'Øád národa - Vlastenecká unie', 'CESTA ODPOVÌDNÉ SPOLEÈNOSTI', 'Èeská str.sociálnì demokrat.', 'Radostné Èesko', 'STAROSTOVÉ A NEZÁVISLÍ', 'Komunistická str.Èech a Moravy', 'Strana zelenıch', 'ROZUMNÍ-stop migraci,diktát.EU', 'Strana svobodnıch obèanù', 'Blok proti islam.-Obran.domova', 'Obèanská demokratická aliance', 'Èeská pirátská strana', 'Unie H.A.V.E.L.', 'Referendum o Evropské unii', 'TOP 09', 'ANO 2011', 'Dobrá volba 2016', 'SPR-Republ.str.Èsl. M.Sládka', 'Køes.demokr.unie-Ès.str.lid.', 'Èeská strana národnì sociální', 'REALISTÉ', 'SPORTOVCI', 'Dìlnic.str.sociální spravedl.', 'Svob.a pø.dem.-T.Okamura (SPD)', 'Strana Práv Obèanù']"
534765,Dolní Beøkovice,1 154,644,642,"['Obèanská demokratická strana', 'Øád národa - Vlastenecká unie', 'CESTA ODPOVÌDNÉ SPOLEÈNOSTI', 'Èeská str.sociálnì demokrat.', 'Radostné Èesko', 'STAROSTOVÉ A NEZÁVISLÍ', 'Komunistická str.Èech a Moravy', 'Strana zelenıch', 'ROZUMNÍ-stop migraci,diktát.EU', 'Strana svobodnıch obèanù', 'Blok proti islam.-Obran.domova', 'Obèanská demokratická aliance', 'Èeská pirátská strana', 'Unie H.A.V.E.L.', 'Referendum o Evropské unii', 'TOP 09', 'ANO 2011', 'Dobrá volba 2016', 'SPR-Republ.str.Èsl. M.Sládka', 'Køes.demokr.unie-Ès.str.lid.', 'Èeská strana národnì sociální', 'REALISTÉ', 'SPORTOVCI', 'Dìlnic.str.sociální spravedl.', 'Svob.a pø.dem.-T.Okamura (SPD)', 'Strana Práv Obèanù']"
531987,Dolní Zimoø,70,49,48,"['Obèanská demokratická strana', 'Øád národa - Vlastenecká unie', 'CESTA ODPOVÌDNÉ SPOLEÈNOSTI', 'Èeská str.sociálnì demokrat.', 'Radostné Èesko', 'STAROSTOVÉ A NEZÁVISLÍ', 'Komunistická str.Èech a Moravy', 'Strana zelenıch', 'ROZUMNÍ-stop migraci,diktát.EU', 'Strana svobodnıch obèanù', 'Blok proti islam.-Obran.domova', 'Obèanská demokratická aliance', 'Èeská pirátská strana', 'Unie H.A.V.E.L.', 'Referendum o Evropské unii', 'TOP 09', 'ANO 2011', 'Dobrá volba 2016', 'SPR-Republ.str.Èsl. M.Sládka', 'Køes.demokr.unie-Ès.str.lid.', 'Èeská strana národnì sociální', 'REALISTÉ', 'SPORTOVCI', 'Dìlnic.str.sociální spravedl.', 'Svob.a pø.dem.-T.Okamura (SPD)', 'Strana Práv Obèanù']"
534773,Døínov,366,197,194,"['Obèanská demokratická strana', 'Øád národa - Vlastenecká unie', 'CESTA ODPOVÌDNÉ SPOLEÈNOSTI', 'Èeská str.sociálnì demokrat.', 'Radostné Èesko', 'STAROSTOVÉ A NEZÁVISLÍ', 'Komunistická str.Èech a Moravy', 'Strana zelenıch', 'ROZUMNÍ-stop migraci,diktát.EU', 'Strana svobodnıch obèanù', 'Blok proti islam.-Obran.domova', 'Obèanská demokratická aliance', 'Èeská pirátská strana', 'Unie H.A.V.E.L.', 'Referendum o Evropské unii', 'TOP 09', 'ANO 2011', 'Dobrá volba 2016', 'SPR-Republ.str.Èsl. M.Sládka', 'Køes.demokr.unie-Ès.str.lid.', 'Èeská strana národnì sociální', 'REALISTÉ', 'SPORTOVCI', 'Dìlnic.str.sociální spravedl.', 'Svob.a pø.dem.-T.Okamura (SPD)', 'Strana Práv Obèanù']"
534790,Horní Poèaply,966,554,547,"['Obèanská demokratická strana', 'Øád národa - Vlastenecká unie', 'CESTA ODPOVÌDNÉ SPOLEÈNOSTI', 'Èeská str.sociálnì demokrat.', 'Radostné Èesko', 'STAROSTOVÉ A NEZÁVISLÍ', 'Komunistická str.Èech a Moravy', 'Strana zelenıch', 'ROZUMNÍ-stop migraci,diktát.EU', 'Strana svobodnıch obèanù', 'Blok proti islam.-Obran.domova', 'Obèanská demokratická aliance', 'Èeská pirátská strana', 'Unie H.A.V.E.L.', 'Referendum o Evropské unii', 'TOP 09', 'ANO 2011', 'Dobrá volba 2016', 'SPR-Republ.str.Èsl. M.Sládka', 'Køes.demokr.unie-Ès.str.lid.', 'Èeská strana národnì sociální', 'REALISTÉ', 'SPORTOVCI', 'Dìlnic.str.sociální spravedl.', 'Svob.a pø.dem.-T.Okamura (SPD)', 'Strana Práv Obèanù']"
534803,Hoøín,644,381,379,"['Obèanská demokratická strana', 'Øád národa - Vlastenecká unie', 'CESTA ODPOVÌDNÉ SPOLEÈNOSTI', 'Èeská str.sociálnì demokrat.', 'Radostné Èesko', 'STAROSTOVÉ A NEZÁVISLÍ', 'Komunistická str.Èech a Moravy', 'Strana zelenıch', 'ROZUMNÍ-stop migraci,diktát.EU', 'Strana svobodnıch obèanù', 'Blok proti islam.-Obran.domova', 'Obèanská demokratická aliance', 'Èeská pirátská strana', 'Unie H.A.V.E.L.', 'Referendum o Evropské unii', 'TOP 09', 'ANO 2011', 'Dobrá volba 2016', 'SPR-Republ.str.Èsl. M.Sládka', 'Køes.demokr.unie-Ès.str.lid.', 'Èeská strana národnì sociální', 'REALISTÉ', 'SPORTOVCI', 'Dìlnic.str.sociální spravedl.', 'Svob.a pø.dem.-T.Okamura (SPD)', 'Strana Práv Obèanù']"
531499,Hostín,238,154,154,"['Obèanská demokratická strana', 'Øád národa - Vlastenecká unie', 'CESTA ODPOVÌDNÉ SPOLEÈNOSTI', 'Èeská str.sociálnì demokrat.', 'Radostné Èesko', 'STAROSTOVÉ A NEZÁVISLÍ', 'Komunistická str.Èech a Moravy', 'Strana zelenıch', 'ROZUMNÍ-stop migraci,diktát.EU', 'Strana svobodnıch obèanù', 'Blok proti islam.-Obran.domova', 'Obèanská demokratická aliance', 'Èeská pirátská strana', 'Unie H.A.V.E.L.', 'Referendum o Evropské unii', 'TOP 09', 'ANO 2011', 'Dobrá volba 2016', 'SPR-Republ.str.Èsl. M.Sládka', 'Køes.demokr.unie-Ès.str.lid.', 'Èeská strana národnì sociální', 'REALISTÉ', 'SPORTOVCI', 'Dìlnic.str.sociální spravedl.', 'Svob.a pø.dem.-T.Okamura (SPD)', 'Strana Práv Obèanù']"
531928,Hostín u Vojkovic,273,139,139,"['Obèanská demokratická strana', 'Øád národa - Vlastenecká unie', 'CESTA ODPOVÌDNÉ SPOLEÈNOSTI', 'Èeská str.sociálnì demokrat.', 'Radostné Èesko', 'STAROSTOVÉ A NEZÁVISLÍ', 'Komunistická str.Èech a Moravy', 'Strana zelenıch', 'ROZUMNÍ-stop migraci,diktát.EU', 'Strana svobodnıch obèanù', 'Blok proti islam.-Obran.domova', 'Obèanská demokratická aliance', 'Èeská pirátská strana', 'Unie H.A.V.E.L.', 'Referendum o Evropské unii', 'TOP 09', 'ANO 2011', 'Dobrá volba 2016', 'SPR-Republ.str.Èsl. M.Sládka', 'Køes.demokr.unie-Ès.str.lid.', 'Èeská strana národnì sociální', 'REALISTÉ', 'SPORTOVCI', 'Dìlnic.str.sociální spravedl.', 'Svob.a pø.dem.-T.Okamura (SPD)', 'Strana Práv Obèanù']"
534820,Chlumín,395,213,212,"['Obèanská demokratická strana', 'Øád národa - Vlastenecká unie', 'CESTA ODPOVÌDNÉ SPOLEÈNOSTI', 'Èeská str.sociálnì demokrat.', 'Radostné Èesko', 'STAROSTOVÉ A NEZÁVISLÍ', 'Komunistická str.Èech a Moravy', 'Strana zelenıch', 'ROZUMNÍ-stop migraci,diktát.EU', 'Strana svobodnıch obèanù', 'Blok proti islam.-Obran.domova', 'Obèanská demokratická aliance', 'Èeská pirátská strana', 'Unie H.A.V.E.L.', 'Referendum o Evropské unii', 'TOP 09', 'ANO 2011', 'Dobrá volba 2016', 'SPR-Republ.str.Èsl. M.Sládka', 'Køes.demokr.unie-Ès.str.lid.', 'Èeská strana národnì sociální', 'REALISTÉ', 'SPORTOVCI', 'Dìlnic.str.sociální spravedl.', 'Svob.a pø.dem.-T.Okamura (SPD)', 'Strana Práv Obèanù']"
534838,Chorušice,442,244,244,"['Obèanská demokratická strana', 'Øád národa - Vlastenecká unie', 'CESTA ODPOVÌDNÉ SPOLEÈNOSTI', 'Èeská str.sociálnì demokrat.', 'Radostné Èesko', 'STAROSTOVÉ A NEZÁVISLÍ', 'Komunistická str.Èech a Moravy', 'Strana zelenıch', 'ROZUMNÍ-stop migraci,diktát.EU', 'Strana svobodnıch obèanù', 'Blok proti islam.-Obran.domova', 'Obèanská demokratická aliance', 'Èeská pirátská strana', 'Unie H.A.V.E.L.', 'Referendum o Evropské unii', 'TOP 09', 'ANO 2011', 'Dobrá volba 2016', 'SPR-Republ.str.Èsl. M.Sládka', 'Køes.demokr.unie-Ès.str.lid.', 'Èeská strana národnì sociální', 'REALISTÉ', 'SPORTOVCI', 'Dìlnic.str.sociální spravedl.', 'Svob.a pø.dem.-T.Okamura (SPD)', 'Strana Práv Obèanù']"
534846,Chvatìruby,433,261,261,"['Obèanská demokratická strana', 'Øád národa - Vlastenecká unie', 'CESTA ODPOVÌDNÉ SPOLEÈNOSTI', 'Èeská str.sociálnì demokrat.', 'Radostné Èesko', 'STAROSTOVÉ A NEZÁVISLÍ', 'Komunistická str.Èech a Moravy', 'Strana zelenıch', 'ROZUMNÍ-stop migraci,diktát.EU', 'Strana svobodnıch obèanù', 'Blok proti islam.-Obran.domova', 'Obèanská demokratická aliance', 'Èeská pirátská strana', 'Unie H.A.V.E.L.', 'Referendum o Evropské unii', 'TOP 09', 'ANO 2011', 'Dobrá volba 2016', 'SPR-Republ.str.Èsl. M.Sládka', 'Køes.demokr.unie-Ès.str.lid.', 'Èeská strana národnì sociální', 'REALISTÉ', 'SPORTOVCI', 'Dìlnic.str.sociální spravedl.', 'Svob.a pø.dem.-T.Okamura (SPD)', 'Strana Práv Obèanù']"
531871,Jevinìves,172,123,122,"['Obèanská demokratická strana', 'Øád národa - Vlastenecká unie', 'CESTA ODPOVÌDNÉ SPOLEÈNOSTI', 'Èeská str.sociálnì demokrat.', 'Radostné Èesko', 'STAROSTOVÉ A NEZÁVISLÍ', 'Komunistická str.Èech a Moravy', 'Strana zelenıch', 'ROZUMNÍ-stop migraci,diktát.EU', 'Strana svobodnıch obèanù', 'Blok proti islam.-Obran.domova', 'Obèanská demokratická aliance', 'Èeská pirátská strana', 'Unie H.A.V.E.L.', 'Referendum o Evropské unii', 'TOP 09', 'ANO 2011', 'Dobrá volba 2016', 'SPR-Republ.str.Èsl. M.Sládka', 'Køes.demokr.unie-Ès.str.lid.', 'Èeská strana národnì sociální', 'REALISTÉ', 'SPORTOVCI', 'Dìlnic.str.sociální spravedl.', 'Svob.a pø.dem.-T.Okamura (SPD)', 'Strana Práv Obèanù']"
531774,Kadlín,114,79,79,"['Obèanská demokratická strana', 'Øád národa - Vlastenecká unie', 'CESTA ODPOVÌDNÉ SPOLEÈNOSTI', 'Èeská str.sociálnì demokrat.', 'Radostné Èesko', 'STAROSTOVÉ A NEZÁVISLÍ', 'Komunistická str.Èech a Moravy', 'Strana zelenıch', 'ROZUMNÍ-stop migraci,diktát.EU', 'Strana svobodnıch obèanù', 'Blok proti islam.-Obran.domova', 'Obèanská demokratická aliance', 'Èeská pirátská strana', 'Unie H.A.V.E.L.', 'Referendum o Evropské unii', 'TOP 09', 'ANO 2011', 'Dobrá volba 2016', 'SPR-Republ.str.Èsl. M.Sládka', 'Køes.demokr.unie-Ès.str.lid.', 'Èeská strana národnì sociální', 'REALISTÉ', 'SPORTOVCI', 'Dìlnic.str.sociální spravedl.', 'Svob.a pø.dem.-T.Okamura (SPD)', 'Strana Práv Obèanù']"
531651,Kanina,72,50,50,"['Obèanská demokratická strana', 'Øád národa - Vlastenecká unie', 'CESTA ODPOVÌDNÉ SPOLEÈNOSTI', 'Èeská str.sociálnì demokrat.', 'Radostné Èesko', 'STAROSTOVÉ A NEZÁVISLÍ', 'Komunistická str.Èech a Moravy', 'Strana zelenıch', 'ROZUMNÍ-stop migraci,diktát.EU', 'Strana svobodnıch obèanù', 'Blok proti islam.-Obran.domova', 'Obèanská demokratická aliance', 'Èeská pirátská strana', 'Unie H.A.V.E.L.', 'Referendum o Evropské unii', 'TOP 09', 'ANO 2011', 'Dobrá volba 2016', 'SPR-Republ.str.Èsl. M.Sládka', 'Køes.demokr.unie-Ès.str.lid.', 'Èeská strana národnì sociální', 'REALISTÉ', 'SPORTOVCI', 'Dìlnic.str.sociální spravedl.', 'Svob.a pø.dem.-T.Okamura (SPD)', 'Strana Práv Obèanù']"
534897,Kly,1 117,674,673,"['Obèanská demokratická strana', 'Øád národa - Vlastenecká unie', 'CESTA ODPOVÌDNÉ SPOLEÈNOSTI', 'Èeská str.sociálnì demokrat.', 'Radostné Èesko', 'STAROSTOVÉ A NEZÁVISLÍ', 'Komunistická str.Èech a Moravy', 'Strana zelenıch', 'ROZUMNÍ-stop migraci,diktát.EU', 'Strana svobodnıch obèanù', 'Blok proti islam.-Obran.domova', 'Obèanská demokratická aliance', 'Èeská pirátská strana', 'Unie H.A.V.E.L.', 'Referendum o Evropské unii', 'TOP 09', 'ANO 2011', 'Dobrá volba 2016', 'SPR-Republ.str.Èsl. M.Sládka', 'Køes.demokr.unie-Ès.str.lid.', 'Èeská strana národnì sociální', 'REALISTÉ', 'SPORTOVCI', 'Dìlnic.str.sociální spravedl.', 'Svob.a pø.dem.-T.Okamura (SPD)', 'Strana Práv Obèanù']"
538345,Kojetice,599,378,375,"['Obèanská demokratická strana', 'Øád národa - Vlastenecká unie', 'CESTA ODPOVÌDNÉ SPOLEÈNOSTI', 'Èeská str.sociálnì demokrat.', 'Radostné Èesko', 'STAROSTOVÉ A NEZÁVISLÍ', 'Komunistická str.Èech a Moravy', 'Strana zelenıch', 'ROZUMNÍ-stop migraci,diktát.EU', 'Strana svobodnıch obèanù', 'Blok proti islam.-Obran.domova', 'Obèanská demokratická aliance', 'Èeská pirátská strana', 'Unie H.A.V.E.L.', 'Referendum o Evropské unii', 'TOP 09', 'ANO 2011', 'Dobrá volba 2016', 'SPR-Republ.str.Èsl. M.Sládka', 'Køes.demokr.unie-Ès.str.lid.', 'Èeská strana národnì sociální', 'REALISTÉ', 'SPORTOVCI', 'Dìlnic.str.sociální spravedl.', 'Svob.a pø.dem.-T.Okamura (SPD)', 'Strana Práv Obèanù']"
534901,Kokoøín,318,183,181,"['Obèanská demokratická strana', 'Øád národa - Vlastenecká unie', 'CESTA ODPOVÌDNÉ SPOLEÈNOSTI', 'Èeská str.sociálnì demokrat.', 'Radostné Èesko', 'STAROSTOVÉ A NEZÁVISLÍ', 'Komunistická str.Èech a Moravy', 'Strana zelenıch', 'ROZUMNÍ-stop migraci,diktát.EU', 'Strana svobodnıch obèanù', 'Blok proti islam.-Obran.domova', 'Obèanská demokratická aliance', 'Èeská pirátská strana', 'Unie H.A.V.E.L.', 'Referendum o Evropské unii', 'TOP 09', 'ANO 2011', 'Dobrá volba 2016', 'SPR-Republ.str.Èsl. M.Sládka', 'Køes.demokr.unie-Ès.str.lid.', 'Èeská strana národnì sociální', 'REALISTÉ', 'SPORTOVCI', 'Dìlnic.str.sociální spravedl.', 'Svob.a pø.dem.-T.Okamura (SPD)', 'Strana Práv Obèanù']"
534935,Kostelec nad Labem,3 117,1 878,1 869,"['Obèanská demokratická strana', 'Øád národa - Vlastenecká unie', 'CESTA ODPOVÌDNÉ SPOLEÈNOSTI', 'Èeská str.sociálnì demokrat.', 'Radostné Èesko', 'STAROSTOVÉ A NEZÁVISLÍ', 'Komunistická str.Èech a Moravy', 'Strana zelenıch', 'ROZUMNÍ-stop migraci,diktát.EU', 'Strana svobodnıch obèanù', 'Blok proti islam.-Obran.domova', 'Obèanská demokratická aliance', 'Èeská pirátská strana', 'Unie H.A.V.E.L.', 'Referendum o Evropské unii', 'TOP 09', 'ANO 2011', 'Dobrá volba 2016', 'SPR-Republ.str.Èsl. M.Sládka', 'Køes.demokr.unie-Ès.str.lid.', 'Èeská strana národnì sociální', 'REALISTÉ', 'SPORTOVCI', 'Dìlnic.str.sociální spravedl.', 'Svob.a pø.dem.-T.Okamura (SPD)', 'Strana Práv Obèanù']"
571792,Kozomín,332,218,216,"['Obèanská demokratická strana', 'Øád národa - Vlastenecká unie', 'CESTA ODPOVÌDNÉ SPOLEÈNOSTI', 'Èeská str.sociálnì demokrat.', 'Radostné Èesko', 'STAROSTOVÉ A NEZÁVISLÍ', 'Komunistická str.Èech a Moravy', 'Strana zelenıch', 'ROZUMNÍ-stop migraci,diktát.EU', 'Strana svobodnıch obèanù', 'Blok proti islam.-Obran.domova', 'Obèanská demokratická aliance', 'Èeská pirátská strana', 'Unie H.A.V.E.L.', 'Referendum o Evropské unii', 'TOP 09', 'ANO 2011', 'Dobrá volba 2016', 'SPR-Republ.str.Èsl. M.Sládka', 'Køes.demokr.unie-Ès.str.lid.', 'Èeská strana národnì sociální', 'REALISTÉ', 'SPORTOVCI', 'Dìlnic.str.sociální spravedl.', 'Svob.a pø.dem.-T.Okamura (SPD)', 'Strana Práv Obèanù']"
534951,Kralupy nad Vltavou,14 099,8 202,8 164,"['Obèanská demokratická strana', 'Øád národa - Vlastenecká unie', 'CESTA ODPOVÌDNÉ SPOLEÈNOSTI', 'Èeská str.sociálnì demokrat.', 'Radostné Èesko', 'STAROSTOVÉ A NEZÁVISLÍ', 'Komunistická str.Èech a Moravy', 'Strana zelenıch', 'ROZUMNÍ-stop migraci,diktát.EU', 'Strana svobodnıch obèanù', 'Blok proti islam.-Obran.domova', 'Obèanská demokratická aliance', 'Èeská pirátská strana', 'Unie H.A.V.E.L.', 'Referendum o Evropské unii', 'TOP 09', 'ANO 2011', 'Dobrá volba 2016', 'SPR-Republ.str.Èsl. M.Sládka', 'Køes.demokr.unie-Ès.str.lid.', 'Èeská strana národnì sociální', 'REALISTÉ', 'SPORTOVCI', 'Dìlnic.str.sociální spravedl.', 'Svob.a pø.dem.-T.Okamura (SPD)', 'Strana Práv Obèanù']"
534978,Ledèice,511,269,267,"['Obèanská demokratická strana', 'Øád národa - Vlastenecká unie', 'CESTA ODPOVÌDNÉ SPOLEÈNOSTI', 'Èeská str.sociálnì demokrat.', 'Radostné Èesko', 'STAROSTOVÉ A NEZÁVISLÍ', 'Komunistická str.Èech a Moravy', 'Strana zelenıch', 'ROZUMNÍ-stop migraci,diktát.EU', 'Strana svobodnıch obèanù', 'Blok proti islam.-Obran.domova', 'Obèanská demokratická aliance', 'Èeská pirátská strana', 'Unie H.A.V.E.L.', 'Referendum o Evropské unii', 'TOP 09', 'ANO 2011', 'Dobrá volba 2016', 'SPR-Republ.str.Èsl. M.Sládka', 'Køes.demokr.unie-Ès.str.lid.', 'Èeská strana národnì sociální', 'REALISTÉ', 'SPORTOVCI', 'Dìlnic.str.sociální spravedl.', 'Svob.a pø.dem.-T.Okamura (SPD)', 'Strana Práv Obèanù']"
531898,Lhotka,236,174,173,"['Obèanská demokratická strana', 'Øád národa - Vlastenecká unie', 'CESTA ODPOVÌDNÉ SPOLEÈNOSTI', 'Èeská str.sociálnì demokrat.', 'Radostné Èesko', 'STAROSTOVÉ A NEZÁVISLÍ', 'Komunistická str.Èech a Moravy', 'Strana zelenıch', 'ROZUMNÍ-stop migraci,diktát.EU', 'Strana svobodnıch obèanù', 'Blok proti islam.-Obran.domova', 'Obèanská demokratická aliance', 'Èeská pirátská strana', 'Unie H.A.V.E.L.', 'Referendum o Evropské unii', 'TOP 09', 'ANO 2011', 'Dobrá volba 2016', 'SPR-Republ.str.Èsl. M.Sládka', 'Køes.demokr.unie-Ès.str.lid.', 'Èeská strana národnì sociální', 'REALISTÉ', 'SPORTOVCI', 'Dìlnic.str.sociální spravedl.', 'Svob.a pø.dem.-T.Okamura (SPD)', 'Strana Práv Obèanù']"
535001,Libìchov,837,454,451,"['Obèanská demokratická strana', 'Øád národa - Vlastenecká unie', 'CESTA ODPOVÌDNÉ SPOLEÈNOSTI', 'Èeská str.sociálnì demokrat.', 'Radostné Èesko', 'STAROSTOVÉ A NEZÁVISLÍ', 'Komunistická str.Èech a Moravy', 'Strana zelenıch', 'ROZUMNÍ-stop migraci,diktát.EU', 'Strana svobodnıch obèanù', 'Blok proti islam.-Obran.domova', 'Obèanská demokratická aliance', 'Èeská pirátská strana', 'Unie H.A.V.E.L.', 'Referendum o Evropské unii', 'TOP 09', 'ANO 2011', 'Dobrá volba 2016', 'SPR-Republ.str.Èsl. M.Sládka', 'Køes.demokr.unie-Ès.str.lid.', 'Èeská strana národnì sociální', 'REALISTÉ', 'SPORTOVCI', 'Dìlnic.str.sociální spravedl.', 'Svob.a pø.dem.-T.Okamura (SPD)', 'Strana Práv Obèanù']"
571784,Libiš,1 744,1 115,1 106,"['Obèanská demokratická strana', 'Øád národa - Vlastenecká unie', 'CESTA ODPOVÌDNÉ SPOLEÈNOSTI', 'Èeská str.sociálnì demokrat.', 'Radostné Èesko', 'STAROSTOVÉ A NEZÁVISLÍ', 'Komunistická str.Èech a Moravy', 'Strana zelenıch', 'ROZUMNÍ-stop migraci,diktát.EU', 'Strana svobodnıch obèanù', 'Blok proti islam.-Obran.domova', 'Obèanská demokratická aliance', 'Èeská pirátská strana', 'Unie H.A.V.E.L.', 'Referendum o Evropské unii', 'TOP 09', 'ANO 2011', 'Dobrá volba 2016', 'SPR-Republ.str.Èsl. M.Sládka', 'Køes.demokr.unie-Ès.str.lid.', 'Èeská strana národnì sociální', 'REALISTÉ', 'SPORTOVCI', 'Dìlnic.str.sociální spravedl.', 'Svob.a pø.dem.-T.Okamura (SPD)', 'Strana Práv Obèanù']"
531502,Liblice,385,208,206,"['Obèanská demokratická strana', 'Øád národa - Vlastenecká unie', 'CESTA ODPOVÌDNÉ SPOLEÈNOSTI', 'Èeská str.sociálnì demokrat.', 'Radostné Èesko', 'STAROSTOVÉ A NEZÁVISLÍ', 'Komunistická str.Èech a Moravy', 'Strana zelenıch', 'ROZUMNÍ-stop migraci,diktát.EU', 'Strana svobodnıch obèanù', 'Blok proti islam.-Obran.domova', 'Obèanská demokratická aliance', 'Èeská pirátská strana', 'Unie H.A.V.E.L.', 'Referendum o Evropské unii', 'TOP 09', 'ANO 2011', 'Dobrá volba 2016', 'SPR-Republ.str.Èsl. M.Sládka', 'Køes.demokr.unie-Ès.str.lid.', 'Èeská strana národnì sociální', 'REALISTÉ', 'SPORTOVCI', 'Dìlnic.str.sociální spravedl.', 'Svob.a pø.dem.-T.Okamura (SPD)', 'Strana Práv Obèanù']"
531677,Lobeè,126,78,77,"['Obèanská demokratická strana', 'Øád národa - Vlastenecká unie', 'CESTA ODPOVÌDNÉ SPOLEÈNOSTI', 'Èeská str.sociálnì demokrat.', 'Radostné Èesko', 'STAROSTOVÉ A NEZÁVISLÍ', 'Komunistická str.Èech a Moravy', 'Strana zelenıch', 'ROZUMNÍ-stop migraci,diktát.EU', 'Strana svobodnıch obèanù', 'Blok proti islam.-Obran.domova', 'Obèanská demokratická aliance', 'Èeská pirátská strana', 'Unie H.A.V.E.L.', 'Referendum o Evropské unii', 'TOP 09', 'ANO 2011', 'Dobrá volba 2016', 'SPR-Republ.str.Èsl. M.Sládka', 'Køes.demokr.unie-Ès.str.lid.', 'Èeská strana národnì sociální', 'REALISTÉ', 'SPORTOVCI', 'Dìlnic.str.sociální spravedl.', 'Svob.a pø.dem.-T.Okamura (SPD)', 'Strana Práv Obèanù']"
535028,Luec nad Vltavou,1 140,582,577,"['Obèanská demokratická strana', 'Øád národa - Vlastenecká unie', 'CESTA ODPOVÌDNÉ SPOLEÈNOSTI', 'Èeská str.sociálnì demokrat.', 'Radostné Èesko', 'STAROSTOVÉ A NEZÁVISLÍ', 'Komunistická str.Èech a Moravy', 'Strana zelenıch', 'ROZUMNÍ-stop migraci,diktát.EU', 'Strana svobodnıch obèanù', 'Blok proti islam.-Obran.domova', 'Obèanská demokratická aliance', 'Èeská pirátská strana', 'Unie H.A.V.E.L.', 'Referendum o Evropské unii', 'TOP 09', 'ANO 2011', 'Dobrá volba 2016', 'SPR-Republ.str.Èsl. M.Sládka', 'Køes.demokr.unie-Ès.str.lid.', 'Èeská strana národnì sociální', 'REALISTÉ', 'SPORTOVCI', 'Dìlnic.str.sociální spravedl.', 'Svob.a pø.dem.-T.Okamura (SPD)', 'Strana Práv Obèanù']"
535036,Malı Újezd,798,502,500,"['Obèanská demokratická strana', 'Øád národa - Vlastenecká unie', 'CESTA ODPOVÌDNÉ SPOLEÈNOSTI', 'Èeská str.sociálnì demokrat.', 'Radostné Èesko', 'STAROSTOVÉ A NEZÁVISLÍ', 'Komunistická str.Èech a Moravy', 'Strana zelenıch', 'ROZUMNÍ-stop migraci,diktát.EU', 'Strana svobodnıch obèanù', 'Blok proti islam.-Obran.domova', 'Obèanská demokratická aliance', 'Èeská pirátská strana', 'Unie H.A.V.E.L.', 'Referendum o Evropské unii', 'TOP 09', 'ANO 2011', 'Dobrá volba 2016', 'SPR-Republ.str.Èsl. M.Sládka', 'Køes.demokr.unie-Ès.str.lid.', 'Èeská strana národnì sociální', 'REALISTÉ', 'SPORTOVCI', 'Dìlnic.str.sociální spravedl.', 'Svob.a pø.dem.-T.Okamura (SPD)', 'Strana Práv Obèanù']"
529575,Medonosy,131,85,83,"['Obèanská demokratická strana', 'Øád národa - Vlastenecká unie', 'CESTA ODPOVÌDNÉ SPOLEÈNOSTI', 'Èeská str.sociálnì demokrat.', 'Radostné Èesko', 'STAROSTOVÉ A NEZÁVISLÍ', 'Komunistická str.Èech a Moravy', 'Strana zelenıch', 'ROZUMNÍ-stop migraci,diktát.EU', 'Strana svobodnıch obèanù', 'Blok proti islam.-Obran.domova', 'Obèanská demokratická aliance', 'Èeská pirátská strana', 'Unie H.A.V.E.L.', 'Referendum o Evropské unii', 'TOP 09', 'ANO 2011', 'Dobrá volba 2016', 'SPR-Republ.str.Èsl. M.Sládka', 'Køes.demokr.unie-Ès.str.lid.', 'Èeská strana národnì sociální', 'REALISTÉ', 'SPORTOVCI', 'Dìlnic.str.sociální spravedl.', 'Svob.a pø.dem.-T.Okamura (SPD)', 'Strana Práv Obèanù']"
535044,Mìlnické Vtelno,769,412,410,"['Obèanská demokratická strana', 'Øád národa - Vlastenecká unie', 'CESTA ODPOVÌDNÉ SPOLEÈNOSTI', 'Èeská str.sociálnì demokrat.', 'Radostné Èesko', 'STAROSTOVÉ A NEZÁVISLÍ', 'Komunistická str.Èech a Moravy', 'Strana zelenıch', 'ROZUMNÍ-stop migraci,diktát.EU', 'Strana svobodnıch obèanù', 'Blok proti islam.-Obran.domova', 'Obèanská demokratická aliance', 'Èeská pirátská strana', 'Unie H.A.V.E.L.', 'Referendum o Evropské unii', 'TOP 09', 'ANO 2011', 'Dobrá volba 2016', 'SPR-Republ.str.Èsl. M.Sládka', 'Køes.demokr.unie-Ès.str.lid.', 'Èeská strana národnì sociální', 'REALISTÉ', 'SPORTOVCI', 'Dìlnic.str.sociální spravedl.', 'Svob.a pø.dem.-T.Okamura (SPD)', 'Strana Práv Obèanù']"
534676,Mìlník,15 412,9 338,9 270,"['Obèanská demokratická strana', 'Øád národa - Vlastenecká unie', 'CESTA ODPOVÌDNÉ SPOLEÈNOSTI', 'Èeská str.sociálnì demokrat.', 'Radostné Èesko', 'STAROSTOVÉ A NEZÁVISLÍ', 'Komunistická str.Èech a Moravy', 'Strana zelenıch', 'ROZUMNÍ-stop migraci,diktát.EU', 'Strana svobodnıch obèanù', 'Blok proti islam.-Obran.domova', 'Obèanská demokratická aliance', 'Èeská pirátská strana', 'Unie H.A.V.E.L.', 'Referendum o Evropské unii', 'TOP 09', 'ANO 2011', 'Dobrá volba 2016', 'SPR-Republ.str.Èsl. M.Sládka', 'Køes.demokr.unie-Ès.str.lid.', 'Èeská strana národnì sociální', 'REALISTÉ', 'SPORTOVCI', 'Dìlnic.str.sociální spravedl.', 'Svob.a pø.dem.-T.Okamura (SPD)', 'Strana Práv Obèanù']"
535052,Mšeno,1 190,709,702,"['Obèanská demokratická strana', 'Øád národa - Vlastenecká unie', 'CESTA ODPOVÌDNÉ SPOLEÈNOSTI', 'Èeská str.sociálnì demokrat.', 'Radostné Èesko', 'STAROSTOVÉ A NEZÁVISLÍ', 'Komunistická str.Èech a Moravy', 'Strana zelenıch', 'ROZUMNÍ-stop migraci,diktát.EU', 'Strana svobodnıch obèanù', 'Blok proti islam.-Obran.domova', 'Obèanská demokratická aliance', 'Èeská pirátská strana', 'Unie H.A.V.E.L.', 'Referendum o Evropské unii', 'TOP 09', 'ANO 2011', 'Dobrá volba 2016', 'SPR-Republ.str.Èsl. M.Sládka', 'Køes.demokr.unie-Ès.str.lid.', 'Èeská strana národnì sociální', 'REALISTÉ', 'SPORTOVCI', 'Dìlnic.str.sociální spravedl.', 'Svob.a pø.dem.-T.Okamura (SPD)', 'Strana Práv Obèanù']"
535061,Nebuely,337,198,196,"['Obèanská demokratická strana', 'Øád národa - Vlastenecká unie', 'CESTA ODPOVÌDNÉ SPOLEÈNOSTI', 'Èeská str.sociálnì demokrat.', 'Radostné Èesko', 'STAROSTOVÉ A NEZÁVISLÍ', 'Komunistická str.Èech a Moravy', 'Strana zelenıch', 'ROZUMNÍ-stop migraci,diktát.EU', 'Strana svobodnıch obèanù', 'Blok proti islam.-Obran.domova', 'Obèanská demokratická aliance', 'Èeská pirátská strana', 'Unie H.A.V.E.L.', 'Referendum o Evropské unii', 'TOP 09', 'ANO 2011', 'Dobrá volba 2016', 'SPR-Republ.str.Èsl. M.Sládka', 'Køes.demokr.unie-Ès.str.lid.', 'Èeská strana národnì sociální', 'REALISTÉ', 'SPORTOVCI', 'Dìlnic.str.sociální spravedl.', 'Svob.a pø.dem.-T.Okamura (SPD)', 'Strana Práv Obèanù']"
531863,Nedomice,234,171,171,"['Obèanská demokratická strana', 'Øád národa - Vlastenecká unie', 'CESTA ODPOVÌDNÉ SPOLEÈNOSTI', 'Èeská str.sociálnì demokrat.', 'Radostné Èesko', 'STAROSTOVÉ A NEZÁVISLÍ', 'Komunistická str.Èech a Moravy', 'Strana zelenıch', 'ROZUMNÍ-stop migraci,diktát.EU', 'Strana svobodnıch obèanù', 'Blok proti islam.-Obran.domova', 'Obèanská demokratická aliance', 'Èeská pirátská strana', 'Unie H.A.V.E.L.', 'Referendum o Evropské unii', 'TOP 09', 'ANO 2011', 'Dobrá volba 2016', 'SPR-Republ.str.Èsl. M.Sládka', 'Køes.demokr.unie-Ès.str.lid.', 'Èeská strana národnì sociální', 'REALISTÉ', 'SPORTOVCI', 'Dìlnic.str.sociální spravedl.', 'Svob.a pø.dem.-T.Okamura (SPD)', 'Strana Práv Obèanù']"
535079,Nelahozeves,1 489,960,949,"['Obèanská demokratická strana', 'Øád národa - Vlastenecká unie', 'CESTA ODPOVÌDNÉ SPOLEÈNOSTI', 'Èeská str.sociálnì demokrat.', 'Radostné Èesko', 'STAROSTOVÉ A NEZÁVISLÍ', 'Komunistická str.Èech a Moravy', 'Strana zelenıch', 'ROZUMNÍ-stop migraci,diktát.EU', 'Strana svobodnıch obèanù', 'Blok proti islam.-Obran.domova', 'Obèanská demokratická aliance', 'Èeská pirátská strana', 'Unie H.A.V.E.L.', 'Referendum o Evropské unii', 'TOP 09', 'ANO 2011', 'Dobrá volba 2016', 'SPR-Republ.str.Èsl. M.Sládka', 'Køes.demokr.unie-Ès.str.lid.', 'Èeská strana národnì sociální', 'REALISTÉ', 'SPORTOVCI', 'Dìlnic.str.sociální spravedl.', 'Svob.a pø.dem.-T.Okamura (SPD)', 'Strana Práv Obèanù']"
535087,Neratovice,12 724,7 075,7 038,"['Obèanská demokratická strana', 'Øád národa - Vlastenecká unie', 'CESTA ODPOVÌDNÉ SPOLEÈNOSTI', 'Èeská str.sociálnì demokrat.', 'Radostné Èesko', 'STAROSTOVÉ A NEZÁVISLÍ', 'Komunistická str.Èech a Moravy', 'Strana zelenıch', 'ROZUMNÍ-stop migraci,diktát.EU', 'Strana svobodnıch obèanù', 'Blok proti islam.-Obran.domova', 'Obèanská demokratická aliance', 'Èeská pirátská strana', 'Unie H.A.V.E.L.', 'Referendum o Evropské unii', 'TOP 09', 'ANO 2011', 'Dobrá volba 2016', 'SPR-Republ.str.Èsl. M.Sládka', 'Køes.demokr.unie-Ès.str.lid.', 'Èeská strana národnì sociální', 'REALISTÉ', 'SPORTOVCI', 'Dìlnic.str.sociální spravedl.', 'Svob.a pø.dem.-T.Okamura (SPD)', 'Strana Práv Obèanù']"
531707,Nosálov,164,117,117,"['Obèanská demokratická strana', 'Øád národa - Vlastenecká unie', 'CESTA ODPOVÌDNÉ SPOLEÈNOSTI', 'Èeská str.sociálnì demokrat.', 'Radostné Èesko', 'STAROSTOVÉ A NEZÁVISLÍ', 'Komunistická str.Èech a Moravy', 'Strana zelenıch', 'ROZUMNÍ-stop migraci,diktát.EU', 'Strana svobodnıch obèanù', 'Blok proti islam.-Obran.domova', 'Obèanská demokratická aliance', 'Èeská pirátská strana', 'Unie H.A.V.E.L.', 'Referendum o Evropské unii', 'TOP 09', 'ANO 2011', 'Dobrá volba 2016', 'SPR-Republ.str.Èsl. M.Sládka', 'Køes.demokr.unie-Ès.str.lid.', 'Èeská strana národnì sociální', 'REALISTÉ', 'SPORTOVCI', 'Dìlnic.str.sociální spravedl.', 'Svob.a pø.dem.-T.Okamura (SPD)', 'Strana Práv Obèanù']"
535117,Nová Ves,807,523,520,"['Obèanská demokratická strana', 'Øád národa - Vlastenecká unie', 'CESTA ODPOVÌDNÉ SPOLEÈNOSTI', 'Èeská str.sociálnì demokrat.', 'Radostné Èesko', 'STAROSTOVÉ A NEZÁVISLÍ', 'Komunistická str.Èech a Moravy', 'Strana zelenıch', 'ROZUMNÍ-stop migraci,diktát.EU', 'Strana svobodnıch obèanù', 'Blok proti islam.-Obran.domova', 'Obèanská demokratická aliance', 'Èeská pirátská strana', 'Unie H.A.V.E.L.', 'Referendum o Evropské unii', 'TOP 09', 'ANO 2011', 'Dobrá volba 2016', 'SPR-Republ.str.Èsl. M.Sládka', 'Køes.demokr.unie-Ès.str.lid.', 'Èeská strana národnì sociální', 'REALISTÉ', 'SPORTOVCI', 'Dìlnic.str.sociální spravedl.', 'Svob.a pø.dem.-T.Okamura (SPD)', 'Strana Práv Obèanù']"
535133,Obøíství,1 019,641,640,"['Obèanská demokratická strana', 'Øád národa - Vlastenecká unie', 'CESTA ODPOVÌDNÉ SPOLEÈNOSTI', 'Èeská str.sociálnì demokrat.', 'Radostné Èesko', 'STAROSTOVÉ A NEZÁVISLÍ', 'Komunistická str.Èech a Moravy', 'Strana zelenıch', 'ROZUMNÍ-stop migraci,diktát.EU', 'Strana svobodnıch obèanù', 'Blok proti islam.-Obran.domova', 'Obèanská demokratická aliance', 'Èeská pirátská strana', 'Unie H.A.V.E.L.', 'Referendum o Evropské unii', 'TOP 09', 'ANO 2011', 'Dobrá volba 2016', 'SPR-Republ.str.Èsl. M.Sládka', 'Køes.demokr.unie-Ès.str.lid.', 'Èeská strana národnì sociální', 'REALISTÉ', 'SPORTOVCI', 'Dìlnic.str.sociální spravedl.', 'Svob.a pø.dem.-T.Okamura (SPD)', 'Strana Práv Obèanù']"
532673,Olovnice,424,278,276,"['Obèanská demokratická strana', 'Øád národa - Vlastenecká unie', 'CESTA ODPOVÌDNÉ SPOLEÈNOSTI', 'Èeská str.sociálnì demokrat.', 'Radostné Èesko', 'STAROSTOVÉ A NEZÁVISLÍ', 'Komunistická str.Èech a Moravy', 'Strana zelenıch', 'ROZUMNÍ-stop migraci,diktát.EU', 'Strana svobodnıch obèanù', 'Blok proti islam.-Obran.domova', 'Obèanská demokratická aliance', 'Èeská pirátská strana', 'Unie H.A.V.E.L.', 'Referendum o Evropské unii', 'TOP 09', 'ANO 2011', 'Dobrá volba 2016', 'SPR-Republ.str.Èsl. M.Sládka', 'Køes.demokr.unie-Ès.str.lid.', 'Èeská strana národnì sociální', 'REALISTÉ', 'SPORTOVCI', 'Dìlnic.str.sociální spravedl.', 'Svob.a pø.dem.-T.Okamura (SPD)', 'Strana Práv Obèanù']"
535141,Ovèáry,391,224,224,"['Obèanská demokratická strana', 'Øád národa - Vlastenecká unie', 'CESTA ODPOVÌDNÉ SPOLEÈNOSTI', 'Èeská str.sociálnì demokrat.', 'Radostné Èesko', 'STAROSTOVÉ A NEZÁVISLÍ', 'Komunistická str.Èech a Moravy', 'Strana zelenıch', 'ROZUMNÍ-stop migraci,diktát.EU', 'Strana svobodnıch obèanù', 'Blok proti islam.-Obran.domova', 'Obèanská demokratická aliance', 'Èeská pirátská strana', 'Unie H.A.V.E.L.', 'Referendum o Evropské unii', 'TOP 09', 'ANO 2011', 'Dobrá volba 2016', 'SPR-Republ.str.Èsl. M.Sládka', 'Køes.demokr.unie-Ès.str.lid.', 'Èeská strana národnì sociální', 'REALISTÉ', 'SPORTOVCI', 'Dìlnic.str.sociální spravedl.', 'Svob.a pø.dem.-T.Okamura (SPD)', 'Strana Práv Obèanù']"
538647,Postøiín,726,482,480,"['Obèanská demokratická strana', 'Øád národa - Vlastenecká unie', 'CESTA ODPOVÌDNÉ SPOLEÈNOSTI', 'Èeská str.sociálnì demokrat.', 'Radostné Èesko', 'STAROSTOVÉ A NEZÁVISLÍ', 'Komunistická str.Èech a Moravy', 'Strana zelenıch', 'ROZUMNÍ-stop migraci,diktát.EU', 'Strana svobodnıch obèanù', 'Blok proti islam.-Obran.domova', 'Obèanská demokratická aliance', 'Èeská pirátská strana', 'Unie H.A.V.E.L.', 'Referendum o Evropské unii', 'TOP 09', 'ANO 2011', 'Dobrá volba 2016', 'SPR-Republ.str.Èsl. M.Sládka', 'Køes.demokr.unie-Ès.str.lid.', 'Èeská strana národnì sociální', 'REALISTÉ', 'SPORTOVCI', 'Dìlnic.str.sociální spravedl.', 'Svob.a pø.dem.-T.Okamura (SPD)', 'Strana Práv Obèanù']"
535168,Øepín,518,300,298,"['Obèanská demokratická strana', 'Øád národa - Vlastenecká unie', 'CESTA ODPOVÌDNÉ SPOLEÈNOSTI', 'Èeská str.sociálnì demokrat.', 'Radostné Èesko', 'STAROSTOVÉ A NEZÁVISLÍ', 'Komunistická str.Èech a Moravy', 'Strana zelenıch', 'ROZUMNÍ-stop migraci,diktát.EU', 'Strana svobodnıch obèanù', 'Blok proti islam.-Obran.domova', 'Obèanská demokratická aliance', 'Èeská pirátská strana', 'Unie H.A.V.E.L.', 'Referendum o Evropské unii', 'TOP 09', 'ANO 2011', 'Dobrá volba 2016', 'SPR-Republ.str.Èsl. M.Sládka', 'Køes.demokr.unie-Ès.str.lid.', 'Èeská strana národnì sociální', 'REALISTÉ', 'SPORTOVCI', 'Dìlnic.str.sociální spravedl.', 'Svob.a pø.dem.-T.Okamura (SPD)', 'Strana Práv Obèanù']"
535192,Spomyšl,355,203,203,"['Obèanská demokratická strana', 'Øád národa - Vlastenecká unie', 'CESTA ODPOVÌDNÉ SPOLEÈNOSTI', 'Èeská str.sociálnì demokrat.', 'Radostné Èesko', 'STAROSTOVÉ A NEZÁVISLÍ', 'Komunistická str.Èech a Moravy', 'Strana zelenıch', 'ROZUMNÍ-stop migraci,diktát.EU', 'Strana svobodnıch obèanù', 'Blok proti islam.-Obran.domova', 'Obèanská demokratická aliance', 'Èeská pirátská strana', 'Unie H.A.V.E.L.', 'Referendum o Evropské unii', 'TOP 09', 'ANO 2011', 'Dobrá volba 2016', 'SPR-Republ.str.Èsl. M.Sládka', 'Køes.demokr.unie-Ès.str.lid.', 'Èeská strana národnì sociální', 'REALISTÉ', 'SPORTOVCI', 'Dìlnic.str.sociální spravedl.', 'Svob.a pø.dem.-T.Okamura (SPD)', 'Strana Práv Obèanù']"
531731,Stránka,169,89,89,"['Obèanská demokratická strana', 'Øád národa - Vlastenecká unie', 'CESTA ODPOVÌDNÉ SPOLEÈNOSTI', 'Èeská str.sociálnì demokrat.', 'Radostné Èesko', 'STAROSTOVÉ A NEZÁVISLÍ', 'Komunistická str.Èech a Moravy', 'Strana zelenıch', 'ROZUMNÍ-stop migraci,diktát.EU', 'Strana svobodnıch obèanù', 'Blok proti islam.-Obran.domova', 'Obèanská demokratická aliance', 'Èeská pirátská strana', 'Unie H.A.V.E.L.', 'Referendum o Evropské unii', 'TOP 09', 'ANO 2011', 'Dobrá volba 2016', 'SPR-Republ.str.Èsl. M.Sládka', 'Køes.demokr.unie-Ès.str.lid.', 'Èeská strana národnì sociální', 'REALISTÉ', 'SPORTOVCI', 'Dìlnic.str.sociální spravedl.', 'Svob.a pø.dem.-T.Okamura (SPD)', 'Strana Práv Obèanù']"
535214,Støemy,377,221,220,"['Obèanská demokratická strana', 'Øád národa - Vlastenecká unie', 'CESTA ODPOVÌDNÉ SPOLEÈNOSTI', 'Èeská str.sociálnì demokrat.', 'Radostné Èesko', 'STAROSTOVÉ A NEZÁVISLÍ', 'Komunistická str.Èech a Moravy', 'Strana zelenıch', 'ROZUMNÍ-stop migraci,diktát.EU', 'Strana svobodnıch obèanù', 'Blok proti islam.-Obran.domova', 'Obèanská demokratická aliance', 'Èeská pirátská strana', 'Unie H.A.V.E.L.', 'Referendum o Evropské unii', 'TOP 09', 'ANO 2011', 'Dobrá volba 2016', 'SPR-Republ.str.Èsl. M.Sládka', 'Køes.demokr.unie-Ès.str.lid.', 'Èeská strana národnì sociální', 'REALISTÉ', 'SPORTOVCI', 'Dìlnic.str.sociální spravedl.', 'Svob.a pø.dem.-T.Okamura (SPD)', 'Strana Práv Obèanù']"
535222,Tišice,1 743,1 065,1 062,"['Obèanská demokratická strana', 'Øád národa - Vlastenecká unie', 'CESTA ODPOVÌDNÉ SPOLEÈNOSTI', 'Èeská str.sociálnì demokrat.', 'Radostné Èesko', 'STAROSTOVÉ A NEZÁVISLÍ', 'Komunistická str.Èech a Moravy', 'Strana zelenıch', 'ROZUMNÍ-stop migraci,diktát.EU', 'Strana svobodnıch obèanù', 'Blok proti islam.-Obran.domova', 'Obèanská demokratická aliance', 'Èeská pirátská strana', 'Unie H.A.V.E.L.', 'Referendum o Evropské unii', 'TOP 09', 'ANO 2011', 'Dobrá volba 2016', 'SPR-Republ.str.Èsl. M.Sládka', 'Køes.demokr.unie-Ès.str.lid.', 'Èeská strana národnì sociální', 'REALISTÉ', 'SPORTOVCI', 'Dìlnic.str.sociální spravedl.', 'Svob.a pø.dem.-T.Okamura (SPD)', 'Strana Práv Obèanù']"
531561,Tuhaò,541,321,319,"['Obèanská demokratická strana', 'Øád národa - Vlastenecká unie', 'CESTA ODPOVÌDNÉ SPOLEÈNOSTI', 'Èeská str.sociálnì demokrat.', 'Radostné Èesko', 'STAROSTOVÉ A NEZÁVISLÍ', 'Komunistická str.Èech a Moravy', 'Strana zelenıch', 'ROZUMNÍ-stop migraci,diktát.EU', 'Strana svobodnıch obèanù', 'Blok proti islam.-Obran.domova', 'Obèanská demokratická aliance', 'Èeská pirátská strana', 'Unie H.A.V.E.L.', 'Referendum o Evropské unii', 'TOP 09', 'ANO 2011', 'Dobrá volba 2016', 'SPR-Republ.str.Èsl. M.Sládka', 'Køes.demokr.unie-Ès.str.lid.', 'Èeská strana národnì sociální', 'REALISTÉ', 'SPORTOVCI', 'Dìlnic.str.sociální spravedl.', 'Svob.a pø.dem.-T.Okamura (SPD)', 'Strana Práv Obèanù']"
529583,Tupadly,118,59,59,"['Obèanská demokratická strana', 'Øád národa - Vlastenecká unie', 'CESTA ODPOVÌDNÉ SPOLEÈNOSTI', 'Èeská str.sociálnì demokrat.', 'Radostné Èesko', 'STAROSTOVÉ A NEZÁVISLÍ', 'Komunistická str.Èech a Moravy', 'Strana zelenıch', 'ROZUMNÍ-stop migraci,diktát.EU', 'Strana svobodnıch obèanù', 'Blok proti islam.-Obran.domova', 'Obèanská demokratická aliance', 'Èeská pirátská strana', 'Unie H.A.V.E.L.', 'Referendum o Evropské unii', 'TOP 09', 'ANO 2011', 'Dobrá volba 2016', 'SPR-Republ.str.Èsl. M.Sládka', 'Køes.demokr.unie-Ès.str.lid.', 'Èeská strana národnì sociální', 'REALISTÉ', 'SPORTOVCI', 'Dìlnic.str.sociální spravedl.', 'Svob.a pø.dem.-T.Okamura (SPD)', 'Strana Práv Obèanù']"
599492,Újezdec,110,70,70,"['Obèanská demokratická strana', 'Øád národa - Vlastenecká unie', 'CESTA ODPOVÌDNÉ SPOLEÈNOSTI', 'Èeská str.sociálnì demokrat.', 'Radostné Èesko', 'STAROSTOVÉ A NEZÁVISLÍ', 'Komunistická str.Èech a Moravy', 'Strana zelenıch', 'ROZUMNÍ-stop migraci,diktát.EU', 'Strana svobodnıch obèanù', 'Blok proti islam.-Obran.domova', 'Obèanská demokratická aliance', 'Èeská pirátská strana', 'Unie H.A.V.E.L.', 'Referendum o Evropské unii', 'TOP 09', 'ANO 2011', 'Dobrá volba 2016', 'SPR-Republ.str.Èsl. M.Sládka', 'Køes.demokr.unie-Ès.str.lid.', 'Èeská strana národnì sociální', 'REALISTÉ', 'SPORTOVCI', 'Dìlnic.str.sociální spravedl.', 'Svob.a pø.dem.-T.Okamura (SPD)', 'Strana Práv Obèanù']"
535257,Úice,699,405,404,"['Obèanská demokratická strana', 'Øád národa - Vlastenecká unie', 'CESTA ODPOVÌDNÉ SPOLEÈNOSTI', 'Èeská str.sociálnì demokrat.', 'Radostné Èesko', 'STAROSTOVÉ A NEZÁVISLÍ', 'Komunistická str.Èech a Moravy', 'Strana zelenıch', 'ROZUMNÍ-stop migraci,diktát.EU', 'Strana svobodnıch obèanù', 'Blok proti islam.-Obran.domova', 'Obèanská demokratická aliance', 'Èeská pirátská strana', 'Unie H.A.V.E.L.', 'Referendum o Evropské unii', 'TOP 09', 'ANO 2011', 'Dobrá volba 2016', 'SPR-Republ.str.Èsl. M.Sládka', 'Køes.demokr.unie-Ès.str.lid.', 'Èeská strana národnì sociální', 'REALISTÉ', 'SPORTOVCI', 'Dìlnic.str.sociální spravedl.', 'Svob.a pø.dem.-T.Okamura (SPD)', 'Strana Práv Obèanù']"
535265,Velkı Borek,826,507,503,"['Obèanská demokratická strana', 'Øád národa - Vlastenecká unie', 'CESTA ODPOVÌDNÉ SPOLEÈNOSTI', 'Èeská str.sociálnì demokrat.', 'Radostné Èesko', 'STAROSTOVÉ A NEZÁVISLÍ', 'Komunistická str.Èech a Moravy', 'Strana zelenıch', 'ROZUMNÍ-stop migraci,diktát.EU', 'Strana svobodnıch obèanù', 'Blok proti islam.-Obran.domova', 'Obèanská demokratická aliance', 'Èeská pirátská strana', 'Unie H.A.V.E.L.', 'Referendum o Evropské unii', 'TOP 09', 'ANO 2011', 'Dobrá volba 2016', 'SPR-Republ.str.Èsl. M.Sládka', 'Køes.demokr.unie-Ès.str.lid.', 'Èeská strana národnì sociální', 'REALISTÉ', 'SPORTOVCI', 'Dìlnic.str.sociální spravedl.', 'Svob.a pø.dem.-T.Okamura (SPD)', 'Strana Práv Obèanù']"
535273,Veltrusy,1 574,1 076,1 072,"['Obèanská demokratická strana', 'Øád národa - Vlastenecká unie', 'CESTA ODPOVÌDNÉ SPOLEÈNOSTI', 'Èeská str.sociálnì demokrat.', 'Radostné Èesko', 'STAROSTOVÉ A NEZÁVISLÍ', 'Komunistická str.Èech a Moravy', 'Strana zelenıch', 'ROZUMNÍ-stop migraci,diktát.EU', 'Strana svobodnıch obèanù', 'Blok proti islam.-Obran.domova', 'Obèanská demokratická aliance', 'Èeská pirátská strana', 'Unie H.A.V.E.L.', 'Referendum o Evropské unii', 'TOP 09', 'ANO 2011', 'Dobrá volba 2016', 'SPR-Republ.str.Èsl. M.Sládka', 'Køes.demokr.unie-Ès.str.lid.', 'Èeská strana národnì sociální', 'REALISTÉ', 'SPORTOVCI', 'Dìlnic.str.sociální spravedl.', 'Svob.a pø.dem.-T.Okamura (SPD)', 'Strana Práv Obèanù']"
531936,Vidim,128,77,77,"['Obèanská demokratická strana', 'Øád národa - Vlastenecká unie', 'CESTA ODPOVÌDNÉ SPOLEÈNOSTI', 'Èeská str.sociálnì demokrat.', 'Radostné Èesko', 'STAROSTOVÉ A NEZÁVISLÍ', 'Komunistická str.Èech a Moravy', 'Strana zelenıch', 'ROZUMNÍ-stop migraci,diktát.EU', 'Strana svobodnıch obèanù', 'Blok proti islam.-Obran.domova', 'Obèanská demokratická aliance', 'Èeská pirátská strana', 'Unie H.A.V.E.L.', 'Referendum o Evropské unii', 'TOP 09', 'ANO 2011', 'Dobrá volba 2016', 'SPR-Republ.str.Èsl. M.Sládka', 'Køes.demokr.unie-Ès.str.lid.', 'Èeská strana národnì sociální', 'REALISTÉ', 'SPORTOVCI', 'Dìlnic.str.sociální spravedl.', 'Svob.a pø.dem.-T.Okamura (SPD)', 'Strana Práv Obèanù']"
535290,Vojkovice,571,340,340,"['Obèanská demokratická strana', 'Øád národa - Vlastenecká unie', 'CESTA ODPOVÌDNÉ SPOLEÈNOSTI', 'Èeská str.sociálnì demokrat.', 'Radostné Èesko', 'STAROSTOVÉ A NEZÁVISLÍ', 'Komunistická str.Èech a Moravy', 'Strana zelenıch', 'ROZUMNÍ-stop migraci,diktát.EU', 'Strana svobodnıch obèanù', 'Blok proti islam.-Obran.domova', 'Obèanská demokratická aliance', 'Èeská pirátská strana', 'Unie H.A.V.E.L.', 'Referendum o Evropské unii', 'TOP 09', 'ANO 2011', 'Dobrá volba 2016', 'SPR-Republ.str.Èsl. M.Sládka', 'Køes.demokr.unie-Ès.str.lid.', 'Èeská strana národnì sociální', 'REALISTÉ', 'SPORTOVCI', 'Dìlnic.str.sociální spravedl.', 'Svob.a pø.dem.-T.Okamura (SPD)', 'Strana Práv Obèanù']"
535303,Vraòany,690,387,386,"['Obèanská demokratická strana', 'Øád národa - Vlastenecká unie', 'CESTA ODPOVÌDNÉ SPOLEÈNOSTI', 'Èeská str.sociálnì demokrat.', 'Radostné Èesko', 'STAROSTOVÉ A NEZÁVISLÍ', 'Komunistická str.Èech a Moravy', 'Strana zelenıch', 'ROZUMNÍ-stop migraci,diktát.EU', 'Strana svobodnıch obèanù', 'Blok proti islam.-Obran.domova', 'Obèanská demokratická aliance', 'Èeská pirátská strana', 'Unie H.A.V.E.L.', 'Referendum o Evropské unii', 'TOP 09', 'ANO 2011', 'Dobrá volba 2016', 'SPR-Republ.str.Èsl. M.Sládka', 'Køes.demokr.unie-Ès.str.lid.', 'Èeská strana národnì sociální', 'REALISTÉ', 'SPORTOVCI', 'Dìlnic.str.sociální spravedl.', 'Svob.a pø.dem.-T.Okamura (SPD)', 'Strana Práv Obèanù']"
535311,Všestudy,283,176,172,"['Obèanská demokratická strana', 'Øád národa - Vlastenecká unie', 'CESTA ODPOVÌDNÉ SPOLEÈNOSTI', 'Èeská str.sociálnì demokrat.', 'Radostné Èesko', 'STAROSTOVÉ A NEZÁVISLÍ', 'Komunistická str.Èech a Moravy', 'Strana zelenıch', 'ROZUMNÍ-stop migraci,diktát.EU', 'Strana svobodnıch obèanù', 'Blok proti islam.-Obran.domova', 'Obèanská demokratická aliance', 'Èeská pirátská strana', 'Unie H.A.V.E.L.', 'Referendum o Evropské unii', 'TOP 09', 'ANO 2011', 'Dobrá volba 2016', 'SPR-Republ.str.Èsl. M.Sládka', 'Køes.demokr.unie-Ès.str.lid.', 'Èeská strana národnì sociální', 'REALISTÉ', 'SPORTOVCI', 'Dìlnic.str.sociální spravedl.', 'Svob.a pø.dem.-T.Okamura (SPD)', 'Strana Práv Obèanù']"
535320,Všetaty,1 755,990,985,"['Obèanská demokratická strana', 'Øád národa - Vlastenecká unie', 'CESTA ODPOVÌDNÉ SPOLEÈNOSTI', 'Èeská str.sociálnì demokrat.', 'Radostné Èesko', 'STAROSTOVÉ A NEZÁVISLÍ', 'Komunistická str.Èech a Moravy', 'Strana zelenıch', 'ROZUMNÍ-stop migraci,diktát.EU', 'Strana svobodnıch obèanù', 'Blok proti islam.-Obran.domova', 'Obèanská demokratická aliance', 'Èeská pirátská strana', 'Unie H.A.V.E.L.', 'Referendum o Evropské unii', 'TOP 09', 'ANO 2011', 'Dobrá volba 2016', 'SPR-Republ.str.Èsl. M.Sládka', 'Køes.demokr.unie-Ès.str.lid.', 'Èeská strana národnì sociální', 'REALISTÉ', 'SPORTOVCI', 'Dìlnic.str.sociální spravedl.', 'Svob.a pø.dem.-T.Okamura (SPD)', 'Strana Práv Obèanù']"
535338,Vysoká,697,375,374,"['Obèanská demokratická strana', 'Øád národa - Vlastenecká unie', 'CESTA ODPOVÌDNÉ SPOLEÈNOSTI', 'Èeská str.sociálnì demokrat.', 'Radostné Èesko', 'STAROSTOVÉ A NEZÁVISLÍ', 'Komunistická str.Èech a Moravy', 'Strana zelenıch', 'ROZUMNÍ-stop migraci,diktát.EU', 'Strana svobodnıch obèanù', 'Blok proti islam.-Obran.domova', 'Obèanská demokratická aliance', 'Èeská pirátská strana', 'Unie H.A.V.E.L.', 'Referendum o Evropské unii', 'TOP 09', 'ANO 2011', 'Dobrá volba 2016', 'SPR-Republ.str.Èsl. M.Sládka', 'Køes.demokr.unie-Ès.str.lid.', 'Èeská strana národnì sociální', 'REALISTÉ', 'SPORTOVCI', 'Dìlnic.str.sociální spravedl.', 'Svob.a pø.dem.-T.Okamura (SPD)', 'Strana Práv Obèanù']"
535354,Zálezlice,315,164,163,"['Obèanská demokratická strana', 'Øád národa - Vlastenecká unie', 'CESTA ODPOVÌDNÉ SPOLEÈNOSTI', 'Èeská str.sociálnì demokrat.', 'Radostné Èesko', 'STAROSTOVÉ A NEZÁVISLÍ', 'Komunistická str.Èech a Moravy', 'Strana zelenıch', 'ROZUMNÍ-stop migraci,diktát.EU', 'Strana svobodnıch obèanù', 'Blok proti islam.-Obran.domova', 'Obèanská demokratická aliance', 'Èeská pirátská strana', 'Unie H.A.V.E.L.', 'Referendum o Evropské unii', 'TOP 09', 'ANO 2011', 'Dobrá volba 2016', 'SPR-Republ.str.Èsl. M.Sládka', 'Køes.demokr.unie-Ès.str.lid.', 'Èeská strana národnì sociální', 'REALISTÉ', 'SPORTOVCI', 'Dìlnic.str.sociální spravedl.', 'Svob.a pø.dem.-T.Okamura (SPD)', 'Strana Práv Obèanù']"
531511,Zlonèice,422,241,241,"['Obèanská demokratická strana', 'Øád národa - Vlastenecká unie', 'CESTA ODPOVÌDNÉ SPOLEÈNOSTI', 'Èeská str.sociálnì demokrat.', 'Radostné Èesko', 'STAROSTOVÉ A NEZÁVISLÍ', 'Komunistická str.Èech a Moravy', 'Strana zelenıch', 'ROZUMNÍ-stop migraci,diktát.EU', 'Strana svobodnıch obèanù', 'Blok proti islam.-Obran.domova', 'Obèanská demokratická aliance', 'Èeská pirátská strana', 'Unie H.A.V.E.L.', 'Referendum o Evropské unii', 'TOP 09', 'ANO 2011', 'Dobrá volba 2016', 'SPR-Republ.str.Èsl. M.Sládka', 'Køes.demokr.unie-Ès.str.lid.', 'Èeská strana národnì sociální', 'REALISTÉ', 'SPORTOVCI', 'Dìlnic.str.sociální spravedl.', 'Svob.a pø.dem.-T.Okamura (SPD)', 'Strana Práv Obèanù']"
535389,Zlosyò,374,228,228,"['Obèanská demokratická strana', 'Øád národa - Vlastenecká unie', 'CESTA ODPOVÌDNÉ SPOLEÈNOSTI', 'Èeská str.sociálnì demokrat.', 'Radostné Èesko', 'STAROSTOVÉ A NEZÁVISLÍ', 'Komunistická str.Èech a Moravy', 'Strana zelenıch', 'ROZUMNÍ-stop migraci,diktát.EU', 'Strana svobodnıch obèanù', 'Blok proti islam.-Obran.domova', 'Obèanská demokratická aliance', 'Èeská pirátská strana', 'Unie H.A.V.E.L.', 'Referendum o Evropské unii', 'TOP 09', 'ANO 2011', 'Dobrá volba 2016', 'SPR-Republ.str.Èsl. M.Sládka', 'Køes.demokr.unie-Ès.str.lid.', 'Èeská strana národnì sociální', 'REALISTÉ', 'SPORTOVCI', 'Dìlnic.str.sociální spravedl.', 'Svob.a pø.dem.-T.Okamura (SPD)', 'Strana Práv Obèanù']"
535397,elízy,398,220,218,"['Obèanská demokratická strana', 'Øád národa - Vlastenecká unie', 'CESTA ODPOVÌDNÉ SPOLEÈNOSTI', 'Èeská str.sociálnì demokrat.', 'Radostné Èesko', 'STAROSTOVÉ A NEZÁVISLÍ', 'Komunistická str.Èech a Moravy', 'Strana zelenıch', 'ROZUMNÍ-stop migraci,diktát.EU', 'Strana svobodnıch obèanù', 'Blok proti islam.-Obran.domova', 'Obèanská demokratická aliance', 'Èeská pirátská strana', 'Unie H.A.V.E.L.', 'Referendum o Evropské unii', 'TOP 09', 'ANO 2011', 'Dobrá volba 2016', 'SPR-Republ.str.Èsl. M.Sládka', 'Køes.demokr.unie-Ès.str.lid.', 'Èeská strana národnì sociální', 'REALISTÉ', 'SPORTOVCI', 'Dìlnic.str.sociální spravedl.', 'Svob.a pø.dem.-T.Okamura (SPD)', 'Strana Práv Obèanù']"
